logFileName;Machine;Benchmark;Header;SDC Iteration;#Accumulated Errors;#Iteration Errors;Relative Errors <= 2%;Relative Errors <= 5%;Jaccard;Jaccard > 2%;Jaccard > 5%;Cubic;Square;Line;Single;Random;Cubic Err > 2;Square Err > 2;Line Err > 2;Single Err > 2;Random Err > 2;Cubic Err > 5;Square Err > 5;Line Err > 5;Single Err > 5;Random Err > 5;Max Relative Error;Min Rel Error;Average Rel Err;# zero output;# zeor Gold
2016_09_07_04_23_17_cudaNW_carolk402.log;carolk402;cudaNW; max_rows-2048 max_cols-2048 penalty-10;0;500;500;5;15;0.21662074148296595;0.21786437246963564;0.21907283057851235;0;1;0;0;0;0;1;0;0;0;0;0;1;0;0;101.03092783505154;0.36900369003690037;48.54171224831957;2;0
2016_09_07_04_23_23_cudaNW_carolk402.log;carolk402;cudaNW; max_rows-2048 max_cols-2048 penalty-10;0;500;500;0;0;0.20547344689378755;0.20547344689378755;0.20547344689378755;0;0;1;0;0;0;0;1;0;0;0;0;1;0;0;32.13667139033223;17.998058081030983;23.717530655627897;0;0
2016_09_07_04_23_31_cudaNW_carolk402.log;carolk402;cudaNW; max_rows-2048 max_cols-2048 penalty-10;0;500;500;2;8;0.2156813627254509;0.2161091549295775;0.21696792260692466;0;1;0;0;0;0;1;0;0;0;0;1;0;0;0;100.5669546436285;0.8328375966686495;65.27463588813504;2;0
2016_09_07_04_23_42_cudaNW_carolk402.log;carolk402;cudaNW; max_rows-2048 max_cols-2048 penalty-10;0;500;500;15;22;0.20346943887775548;0.20732179752066116;0.2085953878406709;0;1;0;0;0;0;1;0;0;0;0;1;0;0;0;102.3454157782516;0.10080645161290322;53.35058759553569;4;0
2016_09_07_04_23_46_cudaNW_carolk402.log;carolk402;cudaNW; max_rows-2048 max_cols-2048 penalty-10;0;500;500;0;0;0.2136147294589178;0.2136147294589178;0.2136147294589178;0;0;1;0;0;0;0;1;0;0;0;0;1;0;0;101.18790496760259;19.191410837107867;46.11148890528695;0;0
2016_09_07_04_24_53_cudaNW_carolk402.log;carolk402;cudaNW; max_rows-2048 max_cols-2048 penalty-10;0;500;500;3;7;0.22513777555110226;0.22586945564516125;0.2266895325203252;0;1;0;0;0;0;1;0;0;0;0;1;0;0;0;100.45881581822154;0.24291497975708504;62.84406639061946;0;0
2016_09_07_04_26_53_cudaNW_carolk402.log;carolk402;cudaNW; max_rows-2048 max_cols-2048 penalty-10;0;500;500;216;499;0.18843937875751504;0.20395318021201414;nan;0;1;0;0;0;0;1;0;0;0;0;0;0;0;0;2.7525710828796126;1.6175913054467332;2.1477557838309536;0;0
2016_09_07_04_26_57_cudaNW_carolk402.log;carolk402;cudaNW; max_rows-2048 max_cols-2048 penalty-10;0;500;500;0;1;0.23409318637274545;0.23409318637274545;0.23406124497991965;0;1;0;0;0;0;1;0;0;0;0;1;0;0;0;2044.8202959830865;4.776239213325306;90.26688511137974;0;0
2016_09_07_04_27_31_cudaNW_carolk402.log;carolk402;cudaNW; max_rows-2048 max_cols-2048 penalty-10;0;500;500;10;10;0.2685996993987976;0.2728144171779141;0.2728144171779141;0;1;0;0;0;0;1;0;0;0;0;1;0;0;0;100.17019959771005;0.007738740133106331;90.15695155061474;4;0
2016_09_07_04_28_02_cudaNW_carolk402.log;carolk402;cudaNW; max_rows-2048 max_cols-2048 penalty-10;0;2;2;2;2;0.03125;nan;nan;0;0;1;0;0;0;0;0;0;0;0;0;0;0;0;0.13178486121406804;0.06583820261706855;0.0988115319155683;0;0
2016_09_07_04_28_12_cudaNW_carolk402.log;carolk402;cudaNW; max_rows-2048 max_cols-2048 penalty-10;0;500;500;3;3;0.2642159318637275;0.2647429435483871;0.2647429435483871;0;1;0;0;0;0;0;1;0;0;0;0;1;0;0;100.21994835995028;1.4576431613819214;82.47638891942658;1;0
2016_09_07_04_28_56_cudaNW_carolk402.log;carolk402;cudaNW; max_rows-2048 max_cols-2048 penalty-10;0;70;70;54;54;0.203125;0.34765625;0.34765625;0;1;0;0;0;0;0;1;0;0;0;0;1;0;0;100.14874915483433;0.0067476383265856945;23.50753867489962;1;0
2016_09_07_04_29_13_cudaNW_carolk402.log;carolk402;cudaNW; max_rows-2048 max_cols-2048 penalty-10;0;500;500;15;19;0.2256387775551102;0.2285640495867769;0.22923177083333335;0;1;0;0;0;0;0;1;0;0;0;0;1;0;0;100.21969243059716;0.09892175289346128;61.70928589962528;1;0
2016_09_07_04_29_21_cudaNW_carolk402.log;carolk402;cudaNW; max_rows-2048 max_cols-2048 penalty-10;0;500;500;0;0;0.2677229458917836;0.2677229458917836;0.2677229458917836;0;0;1;0;0;0;0;1;0;0;0;0;1;0;0;100.12586004363149;71.29828326180258;84.57152497330918;0;0
2016_09_07_04_30_17_cudaNW_carolk402.log;carolk402;cudaNW; max_rows-2048 max_cols-2048 penalty-10;0;500;500;295;499;0.1455410821643287;0.17509191176470584;nan;0;1;0;0;0;0;1;0;0;0;0;0;0;0;0;3.1385642737896493;0.02963841138114997;1.587528097202066;0;0
2016_09_07_04_30_43_cudaNW_carolk402.log;carolk402;cudaNW; max_rows-2048 max_cols-2048 penalty-10;0;500;500;4;11;0.2319639278557114;0.23289141414141412;0.23315829918032782;0;1;0;0;0;0;1;0;0;0;0;1;0;0;0;1350.935550935551;0.2851846570654499;75.42785961267661;1;0
2016_09_07_04_30_56_cudaNW_carolk402.log;carolk402;cudaNW; max_rows-2048 max_cols-2048 penalty-10;0;500;500;24;39;0.22839428857715427;0.2349342105263158;0.23566576086956526;0;1;0;0;0;0;1;0;0;0;0;1;0;0;0;216.4778578784758;0.1437470052707235;38.94359752097212;0;0
2016_09_07_04_31_12_cudaNW_carolk402.log;carolk402;cudaNW; max_rows-2048 max_cols-2048 penalty-10;0;500;500;0;0;0.23365480961923846;0.23365480961923846;0.23365480961923846;0;0;1;0;0;0;0;1;0;0;0;0;1;0;0;100.2243683543069;13.039552104027452;66.17699328827176;0;0
2016_09_07_04_31_29_cudaNW_carolk402.log;carolk402;cudaNW; max_rows-2048 max_cols-2048 penalty-10;0;500;500;0;0;0.21467935871743482;0.21467935871743482;0.21467935871743482;0;0;1;0;0;0;0;1;0;0;0;0;1;0;0;25.34854245880862;13.707664884135474;18.391115621034785;0;0
2016_09_07_04_31_44_cudaNW_carolk402.log;carolk402;cudaNW; max_rows-2048 max_cols-2048 penalty-10;0;500;500;6;14;0.22238226452905807;0.2240111561866126;0.22590206185567008;0;1;0;0;0;0;1;0;0;0;0;1;0;0;0;101.363073110285;0.06305170239596469;64.03791698042008;0;0
2016_09_07_04_31_54_cudaNW_carolk402.log;carolk402;cudaNW; max_rows-2048 max_cols-2048 penalty-10;0;500;500;5;13;0.22764278557114226;0.22880819838056676;0.23064557613168724;0;1;0;0;0;0;1;0;0;0;0;1;0;0;0;101.88195038494439;0.4559270516717325;62.18499654285169;3;0
2016_09_07_04_32_38_cudaNW_carolk402.log;carolk402;cudaNW; max_rows-2048 max_cols-2048 penalty-10;0;500;500;14;34;0.20660070140280562;0.2100515463917526;0.21418010752688177;0;1;0;0;0;0;1;0;0;0;0;1;0;0;0;101.68621700879766;0.0722543352601156;62.42615204360642;1;0
2016_09_07_04_32_46_cudaNW_carolk402.log;carolk402;cudaNW; max_rows-2048 max_cols-2048 penalty-10;0;500;500;499;499;0.14741983967935868;nan;nan;0;1;0;0;0;0;0;0;0;0;0;0;0;0;0;1.6662988302802915;0.033486814566764334;0.9335098779407089;0;0
2016_09_07_04_33_19_cudaNW_carolk402.log;carolk402;cudaNW; max_rows-2048 max_cols-2048 penalty-10;0;4;4;4;4;0.0859375;nan;nan;0;0;0;0;1;0;0;0;0;0;0;0;0;0;0;0.28868360277136257;0.23054755043227668;0.2596071708012709;0;0
2016_09_07_04_33_23_cudaNW_carolk402.log;carolk402;cudaNW; max_rows-2048 max_cols-2048 penalty-10;0;500;500;0;0;0.2417960921843687;0.2417960921843687;0.2417960921843687;0;0;1;0;0;0;0;1;0;0;0;0;1;0;0;100.19412559081702;22.44766505636071;69.88548141545458;1;0
2016_09_07_04_34_21_cudaNW_carolk402.log;carolk402;cudaNW; max_rows-2048 max_cols-2048 penalty-10;0;22;22;18;22;0.09375;0.15625;nan;0;1;0;0;0;0;0;1;0;0;0;0;0;0;0;3.9881831610044314;0.02066115702479339;0.7640639634194527;0;0
2016_09_07_04_35_00_cudaNW_carolk402.log;carolk402;cudaNW; max_rows-2048 max_cols-2048 penalty-10;0;500;500;0;0;0.23421843687374755;0.23421843687374755;0.23421843687374755;0;1;0;0;0;0;1;0;0;0;0;1;0;0;0;100.2308773338687;12.666291924302042;66.9183754728133;0;0
2016_09_07_04_35_45_cudaNW_carolk402.log;carolk402;cudaNW; max_rows-2048 max_cols-2048 penalty-10;0;500;500;3;8;0.23114979959919835;0.2319808467741935;0.23275203665987776;0;1;0;0;0;0;1;0;0;0;0;1;0;0;0;100.41190788241903;0.5884516366311144;66.97433890570996;0;0
2016_09_07_04_36_48_cudaNW_carolk402.log;carolk402;cudaNW; max_rows-2048 max_cols-2048 penalty-10;0;500;500;2;9;0.2119864729458918;0.21252515090543256;0.2137755102040816;0;1;0;0;0;0;1;0;0;0;0;1;0;0;0;100.72871811858231;0.9656004828002415;63.13148756279122;2;0
2016_09_07_04_37_00_cudaNW_carolk402.log;carolk402;cudaNW; max_rows-2048 max_cols-2048 penalty-10;0;500;500;0;0;0.24787074148296595;0.24787074148296595;0.24787074148296595;0;0;1;0;0;0;0;1;0;0;0;0;1;0;0;100.17540928833945;28.030415983301026;71.35128704712858;1;0
2016_09_07_04_37_03_cudaNW_carolk402.log;carolk402;cudaNW; max_rows-2048 max_cols-2048 penalty-10;0;500;500;0;0;0.2664078156312625;0.2664078156312625;0.2664078156312625;0;0;1;0;0;0;0;1;0;0;0;0;1;0;0;100.32060623724861;58.22249093107617;76.26882009065102;0;0
2016_09_07_04_37_15_cudaNW_carolk402.log;carolk402;cudaNW; max_rows-2048 max_cols-2048 penalty-10;0;500;500;0;499;0.19595440881763526;0.19595440881763526;nan;0;1;0;0;0;0;1;0;0;0;0;0;0;0;0;3.8149513912168955;2.7440456222744043;3.3245955855533587;0;0
2016_09_07_04_37_21_cudaNW_carolk402.log;carolk402;cudaNW; max_rows-2048 max_cols-2048 penalty-10;0;500;500;397;499;0.1415956913827655;0.11979166666666663;nan;0;1;0;0;0;0;1;0;0;0;0;0;0;0;0;2.432969215491559;0.03351768057650411;1.6298721730798338;0;0
2016_09_07_04_37_29_cudaNW_carolk402.log;carolk402;cudaNW; max_rows-2048 max_cols-2048 penalty-10;0;500;500;0;0;0.29396292585170336;0.29396292585170336;0.29396292585170336;0;1;0;0;0;0;1;0;0;0;0;1;0;0;0;53.89818002951303;33.23868245984099;43.0995370125648;0;0
2016_09_07_04_37_50_cudaNW_carolk402.log;carolk402;cudaNW; max_rows-2048 max_cols-2048 penalty-10;0;500;500;6;12;0.2162449899799599;0.21754563894523327;0.21907084188911707;0;1;0;0;0;0;1;0;0;0;0;1;0;0;0;100.6191037735849;0.05707762557077625;65.07666680768386;1;0
2016_09_07_04_38_43_cudaNW_carolk402.log;carolk402;cudaNW; max_rows-2048 max_cols-2048 penalty-10;0;500;500;6;11;0.22732965931863724;0.22876521298174446;0.2294441598360656;0;1;0;0;0;0;1;0;0;0;0;1;0;0;0;100.3446655177816;0.03355704697986577;69.58701282184697;4;0
2016_09_07_04_38_46_cudaNW_carolk402.log;carolk402;cudaNW; max_rows-2048 max_cols-2048 penalty-10;0;500;500;0;0;0.27191883767535074;0.27191883767535074;0.27191883767535074;0;0;1;0;0;0;0;1;0;0;0;0;1;0;0;100.15921362314828;46.088511399195355;77.75554087980163;1;0
2016_09_07_04_39_06_cudaNW_carolk402.log;carolk402;cudaNW; max_rows-2048 max_cols-2048 penalty-10;0;1;1;1;1;0.03125;nan;nan;0;0;0;1;0;0;0;0;0;0;0;0;0;0;0;0.02782415136338342;0.02782415136338342;0.02782415136338342;0;0
2016_09_07_04_39_21_cudaNW_carolk402.log;carolk402;cudaNW; max_rows-2048 max_cols-2048 penalty-10;0;500;500;0;0;0.22758016032064132;0.22758016032064132;0.22758016032064132;0;0;1;0;0;0;0;1;0;0;0;0;1;0;0;100.14144271570014;45.76048951048951;66.1485072638986;0;0
2016_09_07_04_39_23_cudaNW_carolk402.log;carolk402;cudaNW; max_rows-2048 max_cols-2048 penalty-10;0;500;500;4;22;0.22895791583166336;0.22992424242424248;0.23335953878406712;0;1;0;0;0;0;1;0;0;0;0;1;0;0;0;100.33195020746888;0.4291845493562232;67.18701169564336;0;0
2016_09_07_04_39_29_cudaNW_carolk402.log;carolk402;cudaNW; max_rows-2048 max_cols-2048 penalty-10;0;500;500;4;10;0.22845691382765532;0.2294191919191919;0.22993353783231085;0;1;0;0;0;0;1;0;0;0;0;1;0;0;0;100.34776560598158;0.030646644192460923;66.19906284509871;0;0
2016_09_07_04_41_42_cudaNW_carolk402.log;carolk402;cudaNW; max_rows-2048 max_cols-2048 penalty-10;0;500;500;0;0;0.4719438877755511;0.4719438877755511;0.4719438877755511;0;1;0;0;0;0;1;0;0;0;0;1;0;0;0;1477987.9622915157;1061522.9166666665;1260442.2184715439;0;0
2016_09_07_04_41_52_cudaNW_carolk402.log;carolk402;cudaNW; max_rows-2048 max_cols-2048 penalty-10;0;500;500;0;0;0.5152179358717435;0.5152179358717435;0.5152179358717435;0;0;1;0;0;0;0;1;0;0;0;0;1;0;0;116666622.74959083;33279042.29691877;70738743.83369662;0;0
2016_09_07_04_45_26_cudaNW_carolk402.log;carolk402;cudaNW; max_rows-2048 max_cols-2048 penalty-10;0;8;8;8;8;0.0703125;nan;nan;0;1;0;0;0;0;0;0;0;0;0;0;0;0;0;0.054769511638521215;0.03640997633351538;0.03988444753683575;0;0
2016_09_07_04_45_57_cudaNW_carolk402.log;carolk402;cudaNW; max_rows-2048 max_cols-2048 penalty-10;0;4;4;4;4;0.1015625;nan;nan;0;0;1;0;0;0;0;0;0;0;0;0;0;0;0;0.1629106706489275;0.026932399676811204;0.08805987052553509;0;0
2016_09_07_04_46_03_cudaNW_carolk402.log;carolk402;cudaNW; max_rows-2048 max_cols-2048 penalty-10;0;2;2;2;2;0.078125;nan;nan;0;0;0;0;1;0;0;0;0;0;0;0;0;0;0;0.04395604395604395;0.04391743522178305;0.043936739588913504;0;0
2016_09_07_04_47_29_cudaNW_carolk402.log;carolk402;cudaNW; max_rows-2048 max_cols-2048 penalty-10;0;500;500;0;0;0.47438627254509014;0.47438627254509014;0.47438627254509014;0;0;1;0;0;0;0;1;0;0;0;0;1;0;0;43616000.18957346;20790746.650852818;29946217.20060122;0;0
2016_09_07_04_49_41_cudaNW_carolk402.log;carolk402;cudaNW; max_rows-2048 max_cols-2048 penalty-10;0;1;1;1;1;0.03125;nan;nan;0;0;0;1;0;0;0;0;0;0;0;0;0;0;0;0.012963443090484831;0.012963443090484831;0.012963443090484831;0;0
2016_09_07_04_58_14_cudaNW_carolk402.log;carolk402;cudaNW; max_rows-2048 max_cols-2048 penalty-10;0;500;500;499;499;0.06174849699398799;nan;nan;0;1;0;0;0;0;0;0;0;0;0;0;0;0;0;1.8181818181818181;0.10615711252653928;0.20455326088503417;0;0
2016_09_07_04_58_51_cudaNW_carolk402.log;carolk402;cudaNW; max_rows-2048 max_cols-2048 penalty-10;0;500;500;0;0;0.2670340681362725;0.2670340681362725;0.2670340681362725;0;0;1;0;0;0;0;1;0;0;0;0;1;0;0;100.17176997759523;39.29290387518873;75.28651762743588;3;0
2016_09_07_04_59_06_cudaNW_carolk402.log;carolk402;cudaNW; max_rows-2048 max_cols-2048 penalty-10;0;500;500;22;88;0.1947019038076152;0.19817872117400415;0.20240267639902676;0;1;0;0;0;0;1;0;0;0;0;1;0;0;0;101.64744645799011;0.08110300081103002;29.450335694407336;1;0
2016_09_07_04_59_12_cudaNW_carolk402.log;carolk402;cudaNW; max_rows-2048 max_cols-2048 penalty-10;0;500;500;5;23;0.22689128256513025;0.22766953441295545;0.23096113445378152;0;1;0;0;0;0;1;0;0;0;0;1;0;0;0;100.3824409710675;0.3996311097448509;65.3810045272976;2;0
2016_09_07_04_59_52_cudaNW_carolk402.log;carolk402;cudaNW; max_rows-2048 max_cols-2048 penalty-10;0;73;73;73;73;0.09375;nan;nan;0;1;0;0;0;0;0;0;0;0;0;0;0;0;0;0.1413427561837456;0.008686587908269632;0.05877593123451953;0;0
2016_09_07_04_59_56_cudaNW_carolk402.log;carolk402;cudaNW; max_rows-2048 max_cols-2048 penalty-10;0;500;500;9;9;0.26490480961923846;0.26817602040816324;0.26817602040816324;0;1;0;0;0;0;1;0;0;0;0;1;0;0;0;100.20845177184006;0.019067594622938316;88.39687111888341;1;0
2016_09_07_05_00_07_cudaNW_carolk402.log;carolk402;cudaNW; max_rows-2048 max_cols-2048 penalty-10;0;500;500;425;499;0.15092685370741488;0.1875;nan;0;1;0;0;0;0;1;0;0;0;0;0;0;0;0;2.202389520656398;0.03125976867771178;1.1455066086238073;0;0
2016_09_07_05_00_21_cudaNW_carolk402.log;carolk402;cudaNW; max_rows-2048 max_cols-2048 penalty-10;0;500;500;7;14;0.23935370741482964;0.23894817073170727;0.23969072164948457;0;1;0;0;0;0;1;0;0;0;0;1;0;0;0;100.26944274341703;0.04884004884004884;66.44115972265054;2;0
2016_09_07_05_02_16_cudaNW_carolk402.log;carolk402;cudaNW; max_rows-2048 max_cols-2048 penalty-10;0;500;500;6;14;0.2315255511022044;0.23307555780933065;0.2349871134020619;0;1;0;0;0;0;1;0;0;0;0;1;0;0;0;8751.304347826086;0.02128112364332837;112.00908507370681;0;0
2016_09_07_05_02_32_cudaNW_carolk402.log;carolk402;cudaNW; max_rows-2048 max_cols-2048 penalty-10;0;500;500;5;12;0.22363476953907813;0.22494939271255066;0.22638603696098558;0;1;0;0;0;0;1;0;0;0;0;1;0;0;0;101.63934426229508;0.12453300124533001;62.19939244836579;2;0
2016_09_07_05_02_35_cudaNW_carolk402.log;carolk402;cudaNW; max_rows-2048 max_cols-2048 penalty-10;0;500;500;0;0;0.21887525050100198;0.21887525050100198;0.21887525050100198;0;1;0;0;0;0;1;0;0;0;0;1;0;0;0;101.53538050734312;9.203480589022758;48.69289175861205;0;0
2016_09_07_05_02_37_cudaNW_carolk402.log;carolk402;cudaNW; max_rows-2048 max_cols-2048 penalty-10;0;500;500;4;11;0.22670340681362722;0.22746212121212117;0.22861168032786883;0;1;0;0;0;0;1;0;0;0;0;1;0;0;0;100.96596136154554;0.3115264797507788;64.15234513370253;3;0
2016_09_07_05_03_09_cudaNW_carolk402.log;carolk402;cudaNW; max_rows-2048 max_cols-2048 penalty-10;0;500;500;499;499;0.061811122244488925;nan;nan;0;1;0;0;0;0;0;0;0;0;0;0;0;0;0;0.390625;0.08643042350907519;0.34966581992748796;0;0
2016_09_07_05_03_18_cudaNW_carolk402.log;carolk402;cudaNW; max_rows-2048 max_cols-2048 penalty-10;0;500;500;0;0;0.22664078156312628;0.22664078156312628;0.22664078156312628;0;1;0;0;0;0;1;0;0;0;0;1;0;0;0;100.85238279736537;41.9753086419753;68.34187150949968;0;0
2016_09_07_05_04_03_cudaNW_carolk402.log;carolk402;cudaNW; max_rows-2048 max_cols-2048 penalty-10;0;500;500;499;499;0.09030561122244485;nan;nan;0;1;0;0;0;0;0;0;0;0;0;0;0;0;0;0.06854009595613435;0.008226390259953932;0.025554632474613214;0;0
2016_09_07_05_04_11_cudaNW_carolk402.log;carolk402;cudaNW; max_rows-2048 max_cols-2048 penalty-10;0;500;500;458;499;0.09994989979959923;0.16615853658536583;nan;0;1;0;0;0;0;1;0;0;0;0;0;0;0;0;2.919840406238665;0.01725327812284334;0.5015101022212598;0;0
2016_09_07_05_04_36_cudaNW_carolk402.log;carolk402;cudaNW; max_rows-2048 max_cols-2048 penalty-10;0;500;500;161;227;0.14222194388777554;0.164478550295858;0.17543658088235292;0;1;0;0;0;0;1;0;0;0;0;1;0;0;0;14.460784313725492;0.05649717514124294;5.173270879121587;0;0
2016_09_07_05_05_29_cudaNW_carolk402.log;carolk402;cudaNW; max_rows-2048 max_cols-2048 penalty-10;0;500;500;0;0;0.26252505010020044;0.26252505010020044;0.26252505010020044;0;0;1;0;0;0;0;1;0;0;0;0;1;0;0;100.35959974984365;55.57088968626368;74.78996423597832;0;0
2016_09_07_05_06_06_cudaNW_carolk402.log;carolk402;cudaNW; max_rows-2048 max_cols-2048 penalty-10;0;500;500;0;0;0.24210921843687372;0.24210921843687372;0.24210921843687372;0;1;0;0;0;0;1;0;0;0;0;1;0;0;0;75.78810529736757;42.75296262534184;59.092064498774825;0;0
2016_09_07_05_06_29_cudaNW_carolk402.log;carolk402;cudaNW; max_rows-2048 max_cols-2048 penalty-10;0;1;1;1;1;0.15625;nan;nan;0;0;0;1;0;0;0;0;0;0;0;0;0;0;0;0.10256410256410256;0.10256410256410256;0.10256410256410256;0;0
2016_09_07_05_06_32_cudaNW_carolk402.log;carolk402;cudaNW; max_rows-2048 max_cols-2048 penalty-10;0;500;500;0;0;0.27868236472945895;0.27868236472945895;0.27868236472945895;0;1;0;0;0;0;1;0;0;0;0;1;0;0;0;100.15918056612914;84.3552410232612;92.78727418740601;1;0
2016_09_07_05_06_40_cudaNW_carolk402.log;carolk402;cudaNW; max_rows-2048 max_cols-2048 penalty-10;0;500;500;499;499;0.16288827655310623;nan;nan;0;1;0;0;0;0;0;0;0;0;0;0;0;0;0;0.6326738512680286;0.22038271339496884;0.590972929060771;0;0
2016_09_07_05_07_53_cudaNW_carolk402.log;carolk402;cudaNW; max_rows-2048 max_cols-2048 penalty-10;0;500;500;55;55;0.25181613226452904;0.2677364864864865;0.2677364864864865;0;1;0;0;0;0;1;0;0;0;0;1;0;0;0;100.19878919309659;0.009010632546404758;86.3646435455729;2;0
2016_09_07_05_08_33_cudaNW_carolk402.log;carolk402;cudaNW; max_rows-2048 max_cols-2048 penalty-10;0;197;197;191;191;0.082011421319797;0.13020833333333337;0.13020833333333337;0;1;0;0;0;0;0;1;0;0;0;0;1;0;0;12.45196003074558;0.06830601092896176;0.4958411746094334;0;0
2016_09_07_05_08_35_cudaNW_carolk402.log;carolk402;cudaNW; max_rows-2048 max_cols-2048 penalty-10;0;500;500;4;8;0.23190130260521047;0.23289141414141412;0.23307026476578407;0;1;0;0;0;0;1;0;0;0;0;1;0;0;0;100.3331884687817;0.06426735218508997;70.3328207561437;3;0
2016_09_07_05_08_40_cudaNW_carolk402.log;carolk402;cudaNW; max_rows-2048 max_cols-2048 penalty-10;0;500;500;85;150;0.13426853707414832;0.1438707729468599;0.1502507163323782;0;1;0;0;0;0;1;0;0;0;0;1;0;0;0;188.57142857142856;0.23866348448687352;17.409503982761763;0;0
2016_09_07_05_08_47_cudaNW_carolk402.log;carolk402;cudaNW; max_rows-2048 max_cols-2048 penalty-10;0;500;500;499;499;0.06212424849699394;nan;nan;0;1;0;0;0;0;0;0;0;0;0;0;0;0;0;0.039666798889329634;0.037023324694557574;0.03829829248072126;0;0
2016_09_07_05_08_58_cudaNW_carolk402.log;carolk402;cudaNW; max_rows-2048 max_cols-2048 penalty-10;0;500;500;0;0;0.26797344689378755;0.26797344689378755;0.26797344689378755;0;1;0;0;0;0;1;0;0;0;0;1;0;0;0;100.16540812657317;24.736888653046783;76.26324912296371;0;0
2016_09_07_05_09_23_cudaNW_carolk402.log;carolk402;cudaNW; max_rows-2048 max_cols-2048 penalty-10;0;500;500;152;405;0.15794088176352705;0.1699387608069164;0.14394946808510634;0;1;0;0;0;0;1;0;0;0;0;1;0;0;0;6.8157894736842115;0.06208609271523179;3.1942637708371486;0;0
2016_09_07_05_09_45_cudaNW_carolk402.log;carolk402;cudaNW; max_rows-2048 max_cols-2048 penalty-10;0;500;500;0;0;0.22194388777555107;0.22194388777555107;0.22194388777555107;0;0;1;0;0;0;0;1;0;0;0;0;1;0;0;289.0341321713871;16.98452680820439;134.0010126861824;0;0
2016_09_07_05_10_06_cudaNW_carolk402.log;carolk402;cudaNW; max_rows-2048 max_cols-2048 penalty-10;0;500;500;0;0;0.2578907815631263;0.2578907815631263;0.2578907815631263;0;0;1;0;0;0;0;1;0;0;0;0;1;0;0;100.38571188998826;54.2713567839196;73.67957085552942;1;0
2016_09_07_05_10_27_cudaNW_carolk402.log;carolk402;cudaNW; max_rows-2048 max_cols-2048 penalty-10;0;500;500;265;499;0.1596317635270541;0.15130876068376065;nan;0;1;0;0;0;0;1;0;0;0;0;0;0;0;0;2.4748923959827835;0.03629764065335753;1.6871202751258496;0;0
2016_09_07_05_10_52_cudaNW_carolk402.log;carolk402;cudaNW; max_rows-2048 max_cols-2048 penalty-10;0;500;500;3;3;0.29822144288577157;0.2989541330645161;0.2989541330645161;0;1;0;0;0;0;0;1;0;0;0;0;1;0;0;100.1443096097081;0.8785836966574183;86.94470062459123;0;0
2016_09_07_05_11_03_cudaNW_carolk402.log;carolk402;cudaNW; max_rows-2048 max_cols-2048 penalty-10;0;500;500;24;69;0.19971192384769543;0.20078947368421052;0.20406976744186045;0;1;0;0;0;0;1;0;0;0;0;1;0;0;0;101.85185185185186;0.7670999360750054;31.43960309394153;0;0
2016_09_07_05_11_10_cudaNW_carolk402.log;carolk402;cudaNW; max_rows-2048 max_cols-2048 penalty-10;0;500;500;4;12;0.22701653306613223;0.22796717171717173;0.22946611909650927;0;1;0;0;0;0;1;0;0;0;0;1;0;0;0;100.29631538263335;0.05351886540005352;68.40657599853066;0;0
2016_09_07_05_11_15_cudaNW_carolk402.log;carolk402;cudaNW; max_rows-2048 max_cols-2048 penalty-10;0;500;500;3;8;0.23071142284569135;0.23160282258064513;0.23217922606924646;0;1;0;0;0;0;1;0;0;0;0;1;0;0;0;100.35183112106189;0.3629165291982844;69.81323496246172;2;0
2016_09_07_05_12_06_cudaNW_carolk402.log;carolk402;cudaNW; max_rows-2048 max_cols-2048 penalty-10;0;3;3;2;3;0.10416666666666663;0.09375;nan;0;0;1;0;0;0;0;0;1;0;0;0;0;0;0;2.3875114784205693;0.05726065048098947;0.8340328100695328;0;0
2016_09_07_05_12_28_cudaNW_carolk402.log;carolk402;cudaNW; max_rows-2048 max_cols-2048 penalty-10;0;1;1;1;1;0.09375;nan;nan;0;0;0;1;0;0;0;0;0;0;0;0;0;0;0;0.20345879959308238;0.20345879959308238;0.20345879959308238;0;0
2016_09_07_05_12_36_cudaNW_carolk402.log;carolk402;cudaNW; max_rows-2048 max_cols-2048 penalty-10;0;500;500;12;18;0.2156813627254509;0.2178516427104723;0.2182302494802495;0;1;0;0;0;0;1;0;0;0;0;1;0;0;0;246.49321266968326;0.0949667616334283;66.03460555216695;1;0
2016_09_07_05_12_51_cudaNW_carolk402.log;carolk402;cudaNW; max_rows-2048 max_cols-2048 penalty-10;0;500;500;0;0;0.25638777555110226;0.25638777555110226;0.25638777555110226;0;1;0;0;0;0;1;0;0;0;0;1;0;0;0;100.16964213587526;83.0372645919594;91.8059309622763;3;0
2016_09_07_05_13_15_cudaNW_carolk402.log;carolk402;cudaNW; max_rows-2048 max_cols-2048 penalty-10;0;500;500;0;0;0.2667209418837675;0.2667209418837675;0.2667209418837675;0;0;1;0;0;0;0;1;0;0;0;0;1;0;0;100.14552006097983;44.926209815810545;77.47987685158603;1;0
2016_09_07_05_15_32_cudaNW_carolk402.log;carolk402;cudaNW; max_rows-2048 max_cols-2048 penalty-10;0;500;500;0;0;0.5340055110220441;0.5340055110220441;0.5340055110220441;0;0;1;0;0;0;0;1;0;0;0;0;1;0;0;89485654.94880545;38657193.0335422;66929573.34514943;0;0
2016_09_07_05_19_12_cudaNW_carolk402.log;carolk402;cudaNW; max_rows-2048 max_cols-2048 penalty-10;0;500;500;0;0;0.4499624248496994;0.4499624248496994;0.4499624248496994;0;1;0;0;0;0;1;0;0;0;0;1;0;0;0;20730666.592427615;17816616.73645173;19238964.434608396;0;0
2016_09_07_05_20_56_cudaNW_carolk402.log;carolk402;cudaNW; max_rows-2048 max_cols-2048 penalty-10;0;500;500;0;0;0.43537074148296595;0.43537074148296595;0.43537074148296595;0;0;1;0;0;0;0;1;0;0;0;0;1;0;0;69769907.46268657;35246535.249764375;54288350.75321304;0;0
2016_09_07_05_21_22_cudaNW_carolk402.log;carolk402;cudaNW; max_rows-2048 max_cols-2048 penalty-10;0;500;500;0;0;0.47307114228456915;0.47307114228456915;0.47307114228456915;0;0;1;0;0;0;0;1;0;0;0;0;1;0;0;42257700.52083333;15797927.291903293;25557709.172364403;0;0
2016_09_07_05_22_29_cudaNW_carolk402.log;carolk402;cudaNW; max_rows-2048 max_cols-2048 penalty-10;0;1;1;1;1;0.09375;nan;nan;0;0;0;1;0;0;0;0;0;0;0;0;0;0;0;0.11737089201877934;0.11737089201877934;0.11737089201877934;0;0
2016_09_07_05_24_05_cudaNW_carolk402.log;carolk402;cudaNW; max_rows-2048 max_cols-2048 penalty-10;0;23;23;22;22;0.10597826086956519;0.5;0.5;0;0;1;0;0;0;0;0;1;0;0;0;0;1;0;13688817.678812416;0.011946004061641381;595166.0229768477;0;0
2016_09_07_05_26_27_cudaNW_carolk402.log;carolk402;cudaNW; max_rows-2048 max_cols-2048 penalty-10;0;12;12;10;11;0.12239583333333337;0.28125;0.46875;0;0;0;0;1;0;0;0;0;1;0;0;0;1;0;377881222.4932249;0.5102040816326531;31490103.156682644;0;0
2016_09_07_05_28_52_cudaNW_carolk402.log;carolk402;cudaNW; max_rows-2048 max_cols-2048 penalty-10;0;4;4;4;4;0.046875;nan;nan;0;1;0;0;0;0;0;0;0;0;0;0;0;0;0;0.0517464424320828;0.05161290322580645;0.051679672828944624;0;0
2016_09_07_05_29_31_cudaNW_carolk402.log;carolk402;cudaNW; max_rows-2048 max_cols-2048 penalty-10;0;500;500;0;0;0.5142159318637274;0.5142159318637274;0.5142159318637274;0;0;1;0;0;0;0;1;0;0;0;0;1;0;0;70706428.55895196;26396903.130094554;42706244.463261895;0;0
2016_09_07_05_30_16_cudaNW_carolk402.log;carolk402;cudaNW; max_rows-2048 max_cols-2048 penalty-10;0;500;500;0;0;0.4781437875751503;0.4781437875751503;0.4781437875751503;0;0;1;0;0;0;0;1;0;0;0;0;1;0;0;16211826.97873861;8042068.793760525;11431287.333687218;0;0
2016_09_07_05_33_43_cudaNW_carolk402.log;carolk402;cudaNW; max_rows-2048 max_cols-2048 penalty-10;0;500;500;7;13;0.20622494989979956;0.20782520325203258;0.20910493827160492;0;1;0;0;0;0;1;0;0;0;0;1;0;0;0;101.57750342935527;0.10504201680672269;59.695796036850005;2;0
2016_09_07_05_33_55_cudaNW_carolk402.log;carolk402;cudaNW; max_rows-2048 max_cols-2048 penalty-10;0;500;500;118;499;0.13727454909819636;0.14525918635170598;nan;0;1;0;0;0;0;1;0;0;0;0;0;0;0;0;3.5039817974971554;0.046468401486988845;2.4784373409331675;0;0
2016_09_07_05_34_01_cudaNW_carolk402.log;carolk402;cudaNW; max_rows-2048 max_cols-2048 penalty-10;0;500;500;21;33;0.21204909819639284;0.2175732217573222;0.21955472103004292;0;1;0;0;0;0;1;0;0;0;0;1;0;0;0;100.67294751009422;0.03397893306150187;62.08374264901301;0;0
2016_09_07_05_34_03_cudaNW_carolk402.log;carolk402;cudaNW; max_rows-2048 max_cols-2048 penalty-10;0;500;500;0;0;0.20591182364729455;0.20591182364729455;0.20591182364729455;0;0;1;0;0;0;0;1;0;0;0;0;1;0;0;62.34398782343988;18.0787982606404;33.80520796315067;0;0
2016_09_07_05_35_01_cudaNW_carolk402.log;carolk402;cudaNW; max_rows-2048 max_cols-2048 penalty-10;0;190;190;190;190;0.13322368421052633;nan;nan;0;1;0;0;0;0;0;0;0;0;0;0;0;0;0;1.5760266370699223;0.033921302578018994;1.0666650300027685;0;0
2016_09_07_05_36_11_cudaNW_carolk402.log;carolk402;cudaNW; max_rows-2048 max_cols-2048 penalty-10;0;500;500;8;14;0.2062875751503006;0.20773930753564152;0.2073453608247423;0;1;0;0;0;0;1;0;0;0;0;1;0;0;0;100.83650190114068;0.045766590389016024;60.015703848797806;0;0
2016_09_07_05_36_30_cudaNW_carolk402.log;carolk402;cudaNW; max_rows-2048 max_cols-2048 penalty-10;0;2;2;2;2;0.0625;nan;nan;0;0;0;0;1;0;0;0;0;0;0;0;0;0;0;0.05186721991701245;0.034566194262011754;0.0432167070895121;0;0
2016_09_07_05_36_44_cudaNW_carolk402.log;carolk402;cudaNW; max_rows-2048 max_cols-2048 penalty-10;0;500;500;0;0;0.30141533066132264;0.30141533066132264;0.30141533066132264;0;1;0;0;0;0;1;0;0;0;0;1;0;0;0;194.36460807600952;178.41738372726283;186.82161988120768;0;0
2016_09_07_05_36_56_cudaNW_carolk402.log;carolk402;cudaNW; max_rows-2048 max_cols-2048 penalty-10;0;500;500;2;2;0.23847695390781565;0.23893360160965793;0.23893360160965793;0;1;0;0;0;0;0;1;0;0;0;0;1;0;0;100.49250535331906;0.8226112634465302;69.40962504699614;0;0
2016_09_07_05_37_02_cudaNW_carolk402.log;carolk402;cudaNW; max_rows-2048 max_cols-2048 penalty-10;0;500;500;8;17;0.2097945891783567;0.21149439918533608;0.2133039419087137;0;1;0;0;0;0;1;0;0;0;0;1;0;0;0;102.78113663845222;0.11737089201877934;54.69491777883614;2;0
2016_09_07_05_37_04_cudaNW_carolk402.log;carolk402;cudaNW; max_rows-2048 max_cols-2048 penalty-10;0;500;500;27;65;0.19582915831663328;0.1998146186440678;0.2038450460829493;0;1;0;0;0;0;1;0;0;0;0;1;0;0;0;102.08747514910537;0.17217630853994492;38.02717044864354;2;0
2016_09_07_05_37_10_cudaNW_carolk402.log;carolk402;cudaNW; max_rows-2048 max_cols-2048 penalty-10;0;14;14;14;14;0.0959821428571429;nan;nan;0;0;0;0;1;0;0;0;0;0;0;0;0;0;0;0.21361000915471468;0.030349013657056147;0.11095614052456378;0;0
2016_09_07_05_37_44_cudaNW_carolk402.log;carolk402;cudaNW; max_rows-2048 max_cols-2048 penalty-10;0;500;500;0;0;0.219063126252505;0.219063126252505;0.219063126252505;0;1;0;0;0;0;1;0;0;0;0;1;0;0;0;24.588926174496645;17.029472911825852;20.63739195861855;0;0
2016_09_07_05_37_57_cudaNW_carolk402.log;carolk402;cudaNW; max_rows-2048 max_cols-2048 penalty-10;0;500;500;8;21;0.21336422845691383;0.21334012219959264;0.21332374476987448;0;1;0;0;0;0;1;0;0;0;0;1;0;0;0;100.9461127108186;0.3246753246753247;59.50088753896621;1;0
2016_09_07_05_37_59_cudaNW_carolk402.log;carolk402;cudaNW; max_rows-2048 max_cols-2048 penalty-10;0;13;13;13;13;0.08173076923076927;nan;nan;0;1;0;0;0;0;0;0;0;0;0;0;0;0;0;0.06909258406264394;0.04570383912248629;0.06525403271132134;0;0
2016_09_07_05_38_01_cudaNW_carolk402.log;carolk402;cudaNW; max_rows-2048 max_cols-2048 penalty-10;0;500;500;0;0;0.26621993987975956;0.26621993987975956;0.26621993987975956;0;0;1;0;0;0;0;1;0;0;0;0;1;0;0;100.25659824046922;62.62978459631179;79.24985886256212;1;0
2016_09_07_05_38_53_cudaNW_carolk402.log;carolk402;cudaNW; max_rows-2048 max_cols-2048 penalty-10;0;500;500;55;144;0.1643286573146293;0.1677927927927928;0.172975352112676;0;1;0;0;0;0;1;0;0;0;0;1;0;0;0;15.668449197860962;0.04120313143798929;8.561559472216205;0;0
2016_09_07_05_38_57_cudaNW_carolk402.log;carolk402;cudaNW; max_rows-2048 max_cols-2048 penalty-10;0;500;500;0;0;0.21737224448897796;0.21737224448897796;0.21737224448897796;0;1;0;0;0;0;1;0;0;0;0;1;0;0;0;101.31332082551594;19.542341740437617;44.81352241393675;0;0
2016_09_07_05_39_09_cudaNW_carolk402.log;carolk402;cudaNW; max_rows-2048 max_cols-2048 penalty-10;0;86;86;74;86;0.1210029069767442;0.19791666666666663;nan;0;1;0;0;0;0;1;0;0;0;0;0;0;0;0;4.485907105994443;0.03863987635239567;0.7856359561963149;0;0
2016_09_07_05_39_11_cudaNW_carolk402.log;carolk402;cudaNW; max_rows-2048 max_cols-2048 penalty-10;0;500;500;0;0;0.2600826653306614;0.2600826653306614;0.2600826653306614;0;1;0;0;0;0;1;0;0;0;0;1;0;0;0;100.35835871707579;85.19387116948093;93.03772186185651;3;0
2016_09_07_05_39_23_cudaNW_carolk402.log;carolk402;cudaNW; max_rows-2048 max_cols-2048 penalty-10;0;500;500;22;24;0.26446643286573146;0.27404350104821806;0.27434210526315794;0;1;0;0;0;0;1;0;0;0;0;1;0;0;0;100.15396458814472;0.00768403258029814;74.6081241485331;3;0
2016_09_07_05_40_29_cudaNW_carolk402.log;carolk402;cudaNW; max_rows-2048 max_cols-2048 penalty-10;0;500;500;0;256;0.19507765531062127;0.19507765531062127;0.2056327160493827;0;0;1;0;0;0;0;1;0;0;0;0;1;0;0;8.082282680822827;2.8573761123357007;5.026243873229073;0;0
2016_09_07_05_40_36_cudaNW_carolk402.log;carolk402;cudaNW; max_rows-2048 max_cols-2048 penalty-10;0;500;500;4;15;0.22689128256513025;0.22771464646464645;0.22888688016528924;0;1;0;0;0;0;1;0;0;0;0;1;0;0;0;100.48419979612639;0.34797738147020446;61.869320095765396;0;0
2016_09_07_05_40_40_cudaNW_carolk402.log;carolk402;cudaNW; max_rows-2048 max_cols-2048 penalty-10;0;500;500;0;0;0.2294589178356713;0.2294589178356713;0.2294589178356713;0;1;0;0;0;0;1;0;0;0;0;1;0;0;0;100.89112746997289;39.03369357914813;67.81067629345091;1;0
2016_09_07_05_40_48_cudaNW_carolk402.log;carolk402;cudaNW; max_rows-2048 max_cols-2048 penalty-10;0;500;500;0;0;0.21386523046092187;0.21386523046092187;0.21386523046092187;0;0;1;0;0;0;0;1;0;0;0;0;1;0;0;100.87964814074371;29.3728888236158;55.24478495251241;1;0
2016_09_07_05_40_56_cudaNW_carolk402.log;carolk402;cudaNW; max_rows-2048 max_cols-2048 penalty-10;0;500;500;0;0;0.24254759519038072;0.24254759519038072;0.24254759519038072;0;0;1;0;0;0;0;1;0;0;0;0;1;0;0;100.48394192696877;48.34741683602524;69.18432643325328;0;0
2016_09_07_05_41_53_cudaNW_carolk402.log;carolk402;cudaNW; max_rows-2048 max_cols-2048 penalty-10;0;500;500;11;34;0.19626753507014028;0.1969134221311475;0.20006720430107527;0;1;0;0;0;0;1;0;0;0;0;1;0;0;0;101.75572519083968;0.22944550669216063;40.716205974638484;0;0
2016_09_07_05_42_03_cudaNW_carolk402.log;carolk402;cudaNW; max_rows-2048 max_cols-2048 penalty-10;0;3;3;3;3;0.0625;nan;nan;0;0;1;0;0;0;0;0;0;0;0;0;0;0;0;0.015078407720144751;0.007528419784687193;0.010046973090023214;0;0
2016_09_07_05_42_54_cudaNW_carolk402.log;carolk402;cudaNW; max_rows-2048 max_cols-2048 penalty-10;0;500;500;3;8;0.23853957915831658;0.23947832661290325;0.2405804480651731;0;1;0;0;0;0;1;0;0;0;0;1;0;0;0;100.46036829463571;0.41928721174004197;66.46309225271962;2;0
2016_09_07_05_43_26_cudaNW_carolk402.log;carolk402;cudaNW; max_rows-2048 max_cols-2048 penalty-10;0;500;500;0;499;0.17823146292585168;0.17823146292585168;nan;0;1;0;0;0;0;1;0;0;0;0;0;0;0;0;4.180007114905727;2.1992580816110228;3.272516624456917;0;0
2016_09_07_05_43_37_cudaNW_carolk402.log;carolk402;cudaNW; max_rows-2048 max_cols-2048 penalty-10;0;500;500;3;9;0.2282690380761523;0.22883064516129037;0.22965561224489794;0;1;0;0;0;0;1;0;0;0;0;1;0;0;0;100.41439065737427;0.6594932315168344;67.63731026050709;1;0
2016_09_07_05_44_28_cudaNW_carolk402.log;carolk402;cudaNW; max_rows-2048 max_cols-2048 penalty-10;0;500;500;50;124;0.1580035070140281;0.16244432071269488;0.16649999999999998;0;1;0;0;0;0;1;0;0;0;0;1;0;0;0;24.691358024691358;0.14074595355383532;12.745340105848058;0;0
2016_09_07_05_44_55_cudaNW_carolk402.log;carolk402;cudaNW; max_rows-2048 max_cols-2048 penalty-10;0;500;500;0;7;0.27122995991983967;0.27122995991983967;0.2720401422764228;0;1;0;0;0;0;1;0;0;0;0;1;0;0;0;100.13593420784342;4.111175448755066;76.80018693258144;1;0
2016_09_07_05_45_23_cudaNW_carolk402.log;carolk402;cudaNW; max_rows-2048 max_cols-2048 penalty-10;0;11;11;11;11;0.07670454545454541;nan;nan;0;1;0;0;0;0;0;0;0;0;0;0;0;0;0;0.0893814801573114;0.017777777777777778;0.0405318475275154;0;0
2016_09_07_05_45_34_cudaNW_carolk402.log;carolk402;cudaNW; max_rows-2048 max_cols-2048 penalty-10;0;500;500;0;3;0.217560120240481;0.217560120240481;0.21843497983870963;0;1;0;0;0;0;1;0;0;0;0;1;0;0;0;100.74651087309314;2.0408163265306123;57.43923198969098;0;0
2016_09_07_05_46_05_cudaNW_carolk402.log;carolk402;cudaNW; max_rows-2048 max_cols-2048 penalty-10;0;500;500;0;0;0.21555611222444893;0.21555611222444893;0.21555611222444893;0;0;1;0;0;0;0;1;0;0;0;0;1;0;0;100.85215168299956;21.942912747324034;50.089986645301835;0;0
2016_09_07_05_46_23_cudaNW_carolk402.log;carolk402;cudaNW; max_rows-2048 max_cols-2048 penalty-10;0;500;500;6;15;0.23089929859719438;0.23263184584178498;0.23398760330578516;0;1;0;0;0;0;1;0;0;0;0;1;0;0;0;100.60383302704122;0.09066183136899365;62.83878515243732;0;0
2016_09_07_05_46_29_cudaNW_carolk402.log;carolk402;cudaNW; max_rows-2048 max_cols-2048 penalty-10;0;500;500;11;16;0.2341558116232465;0.23738473360655743;0.23828933747412007;0;1;0;0;0;0;1;0;0;0;0;1;0;0;0;100.41737810662113;0.019751135690302193;67.46973236615065;0;0
2016_09_07_05_47_17_cudaNW_carolk402.log;carolk402;cudaNW; max_rows-2048 max_cols-2048 penalty-10;0;140;140;140;140;0.06272321428571426;nan;nan;0;1;0;0;0;0;0;0;0;0;0;0;0;0;0;0.1343183344526528;0.033036009250082585;0.11500386873250885;0;0
2016_09_07_05_47_59_cudaNW_carolk402.log;carolk402;cudaNW; max_rows-2048 max_cols-2048 penalty-10;0;26;26;26;26;0.05168269230769229;nan;nan;0;1;0;0;0;0;0;0;0;0;0;0;0;0;0;0.13722126929674097;0.034002040122407345;0.09936179960152106;0;0
2016_09_07_05_48_14_cudaNW_carolk402.log;carolk402;cudaNW; max_rows-2048 max_cols-2048 penalty-10;0;500;500;16;21;0.22319639278557113;0.22664337474120078;0.22731433054393302;0;1;0;0;0;0;1;0;0;0;0;1;0;0;0;100.39414414414414;0.09145783793671117;66.0549535939562;0;0
2016_09_07_05_48_46_cudaNW_carolk402.log;carolk402;cudaNW; max_rows-2048 max_cols-2048 penalty-10;0;500;500;7;24;0.15568637274549102;0.15669461382113825;0.1584868421052632;0;1;0;0;0;0;1;0;0;0;0;1;0;0;0;108.6466165413534;0.26595744680851063;57.82510933361525;5;0
2016_09_07_05_49_33_cudaNW_carolk402.log;carolk402;cudaNW; max_rows-2048 max_cols-2048 penalty-10;0;309;309;309;309;0.06533171521035597;nan;nan;0;1;0;0;0;0;0;0;0;0;0;0;0;0;0;0.2304147465437788;0.05373455131649651;0.06841733659682935;0;0
2016_09_07_05_50_48_cudaNW_carolk402.log;carolk402;cudaNW; max_rows-2048 max_cols-2048 penalty-10;0;106;106;106;106;0.08166273584905659;nan;nan;0;1;0;0;0;0;0;0;0;0;0;0;0;0;0;0.12340600575894693;0.03927729772191674;0.07812628303117809;0;0
2016_09_07_05_52_11_cudaNW_carolk402.log;carolk402;cudaNW; max_rows-2048 max_cols-2048 penalty-10;0;500;500;0;0;0.4589178356713427;0.4589178356713427;0.4589178356713427;0;0;1;0;0;0;0;1;0;0;0;0;1;0;0;5759226.530420925;3616364.463150459;4572578.962994013;0;0
2016_09_07_05_54_39_cudaNW_carolk402.log;carolk402;cudaNW; max_rows-2048 max_cols-2048 penalty-10;0;500;500;0;0;0.5209794589178356;0.5209794589178356;0.5209794589178356;0;0;1;0;0;0;0;1;0;0;0;0;1;0;0;25602956.97543385;12688514.877694627;17737601.98461693;0;0
2016_09_07_05_55_18_cudaNW_carolk402.log;carolk402;cudaNW; max_rows-2048 max_cols-2048 penalty-10;0;500;500;0;0;0.47188126252505014;0.47188126252505014;0.47188126252505014;0;1;0;0;0;0;1;0;0;0;0;1;0;0;0;90631445.31031264;63784280.29556651;76128667.48724993;0;0
2016_09_07_06_00_21_cudaNW_carolk402.log;carolk402;cudaNW; max_rows-2048 max_cols-2048 penalty-10;0;500;500;0;0;0.4794589178356713;0.4794589178356713;0.4794589178356713;0;1;0;0;0;0;1;0;0;0;0;1;0;0;0;11077452.728709295;10216603.799708515;10663078.48947857;0;0
2016_09_07_06_02_56_cudaNW_carolk402.log;carolk402;cudaNW; max_rows-2048 max_cols-2048 penalty-10;0;500;500;0;0;0.40650050100200397;0.40650050100200397;0.40650050100200397;0;0;1;0;0;0;0;1;0;0;0;0;1;0;0;10897787.948844073;3792380.3149606297;6319461.850376572;0;0
2016_09_07_06_03_58_cudaNW_carolk402.log;carolk402;cudaNW; max_rows-2048 max_cols-2048 penalty-10;0;500;500;0;0;0.4498371743486974;0.4498371743486974;0.4498371743486974;0;0;1;0;0;0;0;1;0;0;0;0;1;0;0;141420967.73162937;42419699.760421656;82080094.00627206;0;0
2016_09_07_06_05_24_cudaNW_carolk402.log;carolk402;cudaNW; max_rows-2048 max_cols-2048 penalty-10;0;500;500;0;0;0.4711297595190381;0.4711297595190381;0.4711297595190381;0;0;1;0;0;0;0;1;0;0;0;0;1;0;0;131057640.01743679;34950924.08742153;68983625.24901108;0;0
